,City ID,City,Country,Longitude,Latitude,Temperature,Humidity,Cloud,Wind Speed
0,3877348,Panguipulli,CL,-72.3333,-39.6333,55.11,99,100,2.17
1,3833367,Ushuaia,AR,-68.3,-54.8,37.06,87,90,24.16
2,1688781,City of San Pedro,PH,121.0167,14.35,79.39,74,75,2.3
3,3652764,Puerto Ayora,EC,-90.3518,-0.7393,75.16,79,92,9.95
4,3430863,Mar del Plata,AR,-57.5575,-38.0023,62.89,68,40,5.01
5,2377457,Nouadhibou,MR,-17.0347,20.931,76.98,57,0,14.97
6,3395981,Maceió,BR,-35.7353,-9.6658,90.84,62,40,16.11
7,1282256,Hithadhoo,MV,73.0833,-0.6,82.35,74,100,11.23
8,2126199,Cherskiy,RU,161.3,68.75,-6.43,100,100,2.37
9,5546220,Saint George,US,-113.5841,37.1041,61.5,41,1,4.61
10,2290849,Bouna,CI,-3.0,9.2667,84.22,65,100,3.85
11,4032243,Vaini,TO,-175.2,-21.2,69.96,88,75,9.22
12,1819729,Hong Kong,HK,114.1577,22.2855,68.72,77,77,4.0
13,2063036,Port Lincoln,AU,135.8667,-34.7333,53.65,78,5,10.58
14,5106841,Albany,US,-73.9662,42.6001,49.48,61,58,1.01
15,1264976,Leh,IN,77.5833,34.1667,32.4,86,100,2.84
16,3372964,Lagoa,PT,-27.9833,39.05,66.97,73,6,14.58
17,1649150,Bengkulu,ID,102.2655,-3.8004,75.97,91,64,4.36
18,6201424,Mataura,NZ,168.8643,-46.1927,49.78,92,100,0.81
19,2112309,Katsuura,JP,140.3,35.1333,56.46,59,25,10.29
20,2063056,Port Augusta,AU,137.7667,-32.5,45.72,71,1,10.67
21,2360073,Houndé,BF,-3.5167,11.5,87.26,46,79,6.96
22,3703946,Narganá,PA,-78.5906,9.4428,83.77,72,67,2.28
23,5848280,Kapaa,US,-159.319,22.0752,74.52,84,20,14.97
24,3347353,Menongue,AO,17.691,-14.6585,77.61,37,24,2.8
25,2208248,Kaitangata,NZ,169.8464,-46.2817,49.91,91,100,2.57
26,3421719,Narsaq,GL,-46.05,60.9167,37.62,79,92,3.04
27,3421765,Nanortalik,GL,-45.2371,60.1432,36.77,72,25,6.31
28,1501377,Kungurtug,RU,97.5228,50.5994,29.39,64,81,1.54
29,2018735,Nyurba,RU,118.3319,63.2842,36.7,86,100,10.76
30,2234663,Batouri,CM,14.3667,4.4333,71.42,96,65,2.19
31,3576994,Cockburn Town,TC,-71.1419,21.4612,83.28,66,33,18.07
32,4030556,Rikitea,PF,-134.9692,-23.1203,74.5,82,67,19.71
33,964432,Port Alfred,ZA,26.891,-33.5906,62.01,66,32,31.85
34,3355672,Lüderitz,NA,15.1594,-26.6481,63.05,66,28,19.3
35,5861897,Fairbanks,US,-147.7164,64.8378,24.55,89,1,0.0
36,2075265,Busselton,AU,115.3333,-33.65,52.05,84,11,7.36
37,5866583,Saint Paul Harbor,US,-152.4072,57.79,42.31,81,90,6.91
38,1795632,Shenjiamen,CN,122.298,29.9576,65.14,59,100,9.33
39,2037485,Erenhot,CN,111.9767,43.6475,44.15,35,20,6.33
40,5880054,Barrow,US,-156.7887,71.2906,30.22,86,90,12.66
41,3466165,Cidreira,BR,-50.2056,-30.1811,73.74,68,69,12.03
42,2155415,New Norfolk,AU,147.0587,-42.7826,49.17,82,100,5.99
43,4020109,Atuona,PF,-139.0333,-9.8,77.99,77,18,18.19
44,3874787,Punta Arenas,CL,-70.9167,-53.15,33.91,93,90,37.98
45,1734651,Gua Musang,MY,101.9644,4.8823,73.58,99,88,0.76
46,3146487,Raudeberg,NO,5.1352,61.9875,44.87,72,100,5.01
47,6185377,Yellowknife,CA,-114.3525,62.456,40.35,84,75,17.27
48,3366880,Hermanus,ZA,19.2345,-34.4187,57.79,69,68,9.44
49,4034551,Faanui,PF,-151.75,-16.4833,77.14,75,87,3.24
50,3792394,Mapiripán,CO,-72.1256,2.8892,84.42,77,28,7.92
51,1024312,Mocuba,MZ,36.9856,-16.8392,81.03,55,27,9.71
52,3420846,Qaqortoq,GL,-46.0333,60.7167,37.9,73,68,7.11
53,2439155,Tanout,NE,8.8879,14.9709,93.38,12,13,13.27
54,1735106,George Town,MY,100.3354,5.4112,80.02,87,40,6.91
55,1490256,Talnakh,RU,88.3972,69.4865,22.26,96,100,7.09
56,2163355,Hobart,AU,147.3294,-42.8794,50.27,92,90,1.99
57,934322,Mahébourg,MU,57.7,-20.4081,75.49,78,75,12.66
58,2577164,Orodara,BF,-4.9342,10.9492,88.18,58,80,2.53
59,2092164,Lorengau,PG,147.2712,-2.0226,80.28,81,97,8.39
60,3870243,Taltal,CL,-70.4833,-25.4,61.12,69,5,6.73
61,1507390,Dikson,RU,80.5464,73.5069,10.2,87,100,12.86
62,5122534,Jamestown,US,-79.2353,42.097,47.61,82,90,3.0
63,935215,Saint-Philippe,RE,55.7679,-21.3585,75.25,81,79,11.99
64,3369157,Cape Town,ZA,18.4232,-33.9258,63.27,55,75,5.01
65,2027968,Aldan,RU,125.3894,58.6031,27.63,87,98,7.49
66,6089245,Norman Wells,CA,-126.8329,65.282,33.84,86,20,5.75
67,3408368,Acaraú,BR,-40.12,-2.8856,88.75,55,79,17.47
68,3372783,Ponta Delgada,PT,-25.6667,37.7333,72.32,64,20,11.5
69,1529651,Altay,CN,88.1167,47.8667,27.32,65,50,5.93
70,4726521,San Patricio,US,-97.5169,28.017,79.48,58,98,11.34
71,2071860,Esperance,AU,121.9,-33.8667,51.64,70,1,17.9
72,1634614,Nabire,ID,135.4833,-3.3667,74.91,95,92,3.22
73,150006,Shinyanga,TZ,33.4333,-3.6667,83.41,38,81,5.19
74,2189343,Kaeo,NZ,173.7833,-35.1,62.33,98,100,5.14
75,6111862,Port Hardy,CA,-127.4199,50.6996,44.78,100,75,4.61
76,1637001,Luwuk,ID,122.7875,-0.9516,76.91,76,97,3.53
77,1254046,Tura,IN,90.2201,25.5198,66.67,88,0,3.04
78,609906,Fort-Shevchenko,KZ,50.263,44.5086,57.31,59,14,9.6
79,5855927,Hilo,US,-155.09,19.7297,71.56,96,90,3.44
80,5836068,Rawlins,US,-107.2387,41.7911,53.42,33,1,12.66
81,3382160,Cayenne,GF,-52.3333,4.9333,86.09,77,75,8.01
82,2206939,Bluff,NZ,168.3333,-46.6,52.7,86,100,3.31
83,3424607,Tasiilaq,GL,-37.6368,65.6145,33.96,87,100,5.12
84,4031637,Lavrentiya,RU,-171.0,65.5833,24.03,87,100,10.0
85,1015776,Bredasdorp,ZA,20.0403,-34.5322,58.32,77,86,12.66
86,6067747,Matagami,CA,-77.6328,49.7502,39.31,70,75,12.66
87,1045114,Inhambane,MZ,35.3833,-23.865,76.98,83,20,12.66
88,3471451,Arraial do Cabo,BR,-42.0278,-22.9661,76.86,73,0,19.57
89,2110227,Butaritari,KI,172.7902,3.0707,81.3,71,76,8.41
90,2751792,Leeuwarden,NL,5.8086,53.2014,50.79,88,90,6.91
91,4462716,Cumberland,US,-78.8664,35.0502,70.75,48,1,10.36
92,1106677,Bambous Virieux,MU,57.7575,-20.3428,75.45,78,75,12.66
93,2654970,Brae,GB,-1.353,60.3964,49.91,91,100,24.81
94,2909761,Haselünne,DE,7.4833,52.6667,49.17,87,92,2.3
95,2022572,Khatanga,RU,102.5,71.9667,11.7,92,100,17.16
96,3831208,Qaanaaq,GL,-69.3632,77.484,-1.57,58,0,7.85
97,5924351,Clyde River,CA,-68.5914,70.4692,23.76,80,96,15.37
98,2015306,Tiksi,RU,128.8694,71.6872,-2.24,100,97,4.27
99,3386177,Trairi,BR,-39.2689,-3.2778,87.6,59,43,13.24
100,2144764,Wangaratta,AU,146.3333,-36.3667,47.7,71,0,12.66
101,2127060,Arman',RU,150.1667,59.7,21.06,72,98,9.44
102,3402648,Carutapera,BR,-46.02,-1.195,86.32,64,96,7.14
103,4146934,Bayshore Gardens,US,-82.5904,27.4253,83.14,65,1,6.91
104,1106643,Quatre Cocos,MU,57.7625,-20.2078,75.09,79,17,10.33
105,546105,Nikolskoye,RU,30.7861,59.7035,37.26,91,100,9.04
106,2152659,Port Macquarie,AU,152.9167,-31.4333,65.89,96,21,3.15
107,3443061,Chui,UY,-53.4616,-33.6971,62.8,68,100,1.83
108,3430545,Morón,AR,-58.6198,-34.6534,67.44,65,91,4.0
109,3445026,Vila Velha,BR,-40.2925,-20.3297,78.75,69,40,14.97
110,2016307,Solnechnyy,RU,136.6319,50.7214,32.99,85,1,4.07
111,495983,Shalakusha,RU,40.2539,62.2247,31.62,89,99,7.25
112,3460064,Jatai,BR,-51.7144,-17.8814,93.47,33,32,14.88
113,3385504,Varjota,BR,-40.4767,-4.1944,98.33,28,92,8.5
114,5563839,Fortuna,US,-124.1573,40.5982,54.12,88,75,11.99
115,3451138,Rio Grande,BR,-52.0986,-32.035,66.94,91,100,8.72
116,6324729,Halifax,CA,-63.5724,44.6453,63.12,90,90,3.0
117,3843123,Neuquén,AR,-68.0591,-38.9516,66.09,26,0,16.11
118,575521,Bogorodskoye,RU,37.8833,56.55,37.54,83,85,8.66
119,3698359,Chicama,PE,-79.1469,-7.8447,61.34,62,58,10.36
120,4513583,Hamilton,US,-84.5333,39.1834,56.91,73,40,1.01
121,3115824,Muros,ES,-9.0603,42.7762,61.03,76,98,3.53
122,3577154,Oranjestad,AW,-70.027,12.524,89.55,62,20,24.16
123,2070998,Geraldton,AU,114.6,-28.7667,59.41,88,0,4.61
124,4035715,Avarua,CK,-159.775,-21.2078,69.85,64,40,6.91
125,2036892,Hohhot,CN,111.6522,40.8106,37.69,60,0,4.47
126,3374083,Bathsheba,BB,-59.5167,13.2167,88.41,62,40,23.02
127,1489828,Teeli,RU,90.2333,51.0333,29.59,86,21,1.7
128,1255816,Sompeta,IN,84.6,18.9333,76.93,73,27,3.18
129,3832899,Viedma,AR,-62.9967,-40.8135,62.38,30,49,21.81
130,3520989,Puerto Madero,MX,-92.4215,14.7208,86.2,79,40,0.0
131,1490918,Staryy Nadym,RU,72.6842,65.6118,32.85,98,100,10.04
132,3868633,Vallenar,CL,-70.7581,-28.5708,73.78,24,0,9.57
133,2240449,Luanda,AO,13.2343,-8.8368,80.6,74,20,13.8
134,103630,Najrān,SA,44.1277,17.4924,75.85,20,2,5.37
135,2629833,Husavik,IS,-17.3389,66.0449,37.31,98,100,2.17
136,4845585,Westport,US,-73.3579,41.1415,54.73,59,90,1.99
137,1847947,Shingū,JP,135.9833,33.7333,49.57,74,0,7.11
138,6170031,Tuktoyaktuk,CA,-133.0374,69.4541,28.4,93,90,10.36
139,5962442,Goderich,CA,-81.7165,43.7501,48.42,61,100,5.75
140,4034188,Moerai,PF,-151.3333,-22.4333,71.46,64,100,9.8
141,2649715,Falmouth,GB,-5.0711,50.1544,55.4,71,90,12.66
142,355449,Esna,EG,32.554,25.2934,82.42,30,0,10.49
143,3928867,Sayán,PE,-77.1933,-11.1361,78.04,46,40,10.02
144,2025241,Churapcha,RU,132.4325,62.0025,7.65,99,93,1.72
145,3631412,Ocumare del Tuy,VE,-66.7761,10.1165,86.61,50,63,3.62
146,1122464,Taywarah,AF,64.4167,33.35,39.27,21,0,3.27
147,2012956,Yerbogachën,RU,108.0108,61.2767,32.4,79,94,11.39
148,5282297,Bethel,US,-73.414,41.3712,53.26,65,90,5.75
149,2194098,Ahipara,NZ,173.1667,-35.1667,60.21,97,98,1.83
150,5367788,Lompoc,US,-120.4579,34.6391,57.78,89,1,5.75
151,2512186,Puerto del Rosario,ES,-13.8627,28.5004,74.95,57,40,14.97
152,6180550,Whitehorse,CA,-135.0538,60.7161,35.83,74,75,15.99
153,2338660,Yaan,NG,8.5667,7.3833,75.36,83,95,3.36
154,2014624,Udachny,RU,112.4,66.4167,23.79,85,27,17.96
155,2065594,Mount Isa,AU,139.5,-20.7333,73.17,64,87,2.3
156,964420,Port Elizabeth,ZA,25.5701,-33.918,62.89,59,0,31.07
157,286621,Salalah,OM,54.0924,17.0151,78.89,78,0,3.44
158,2123814,Leningradskiy,RU,178.4167,69.3833,8.69,88,100,8.88
159,3440777,Rocha,UY,-54.3333,-34.4833,59.23,80,100,0.76
160,1488903,Turukhansk,RU,87.9833,65.8167,31.8,97,100,13.87
161,2276492,Harper,LR,-7.7169,4.375,79.48,84,100,8.14
162,1506268,Gornopravdinsk,RU,69.9,60.05,42.13,84,90,11.41
163,1651555,Ambarawa,ID,110.3975,-7.2633,74.41,92,95,2.35
164,1516048,Khovd,MN,91.6419,48.0056,37.2,54,86,6.22
165,2453662,Markala,ML,-6.0659,13.7021,92.41,40,72,6.73
166,4351977,College Park,US,-76.9369,38.9807,62.83,69,40,3.44
167,2112802,Hasaki,JP,140.8333,35.7333,41.4,55,0,14.32
168,1735902,Sibu,MY,111.8167,2.3,75.13,100,40,5.01
169,2270385,Camacha,PT,-16.3333,33.0833,69.21,60,20,14.97
170,3204121,Biograd na Moru,HR,15.4519,43.9433,59.7,67,11,8.66
171,3899695,Ancud,CL,-73.8203,-41.8697,54.93,58,15,10.58
172,6165406,Thompson,CA,-97.8558,55.7435,32.16,86,90,0.0
173,2630299,Hofn,IS,-15.2082,64.2539,44.8,95,100,6.85
174,2028164,Deputatsky,RU,139.9,69.3,-8.99,100,89,3.2
175,4034496,Fare,PF,-151.0167,-16.7,75.6,81,100,4.32
176,5364271,Laguna,US,-121.4238,38.421,56.46,88,1,1.99
177,2077895,Alice Springs,AU,133.8833,-23.7,74.75,29,43,12.66
178,2137773,Vao,NC,167.4833,-22.6667,71.51,79,94,15.88
179,5012639,Troy,US,-83.1499,42.6056,48.7,82,75,1.99
180,3137469,Sørland,NO,12.6934,67.667,42.04,60,79,12.8
181,1856392,Muroto-misakicho,JP,134.15,33.2833,60.46,59,0,13.47
182,713743,Yakymivka,UA,35.1536,46.6897,55.06,76,100,3.91
183,3386213,Touros,BR,-35.4608,-5.1989,88.7,55,33,12.64
184,1486321,Yar-Sale,RU,70.8333,66.8333,30.54,92,100,8.84
185,2074865,Carnarvon,AU,113.6333,-24.8667,69.87,68,0,17.27
186,3698304,Chimbote,PE,-78.5783,-9.0853,68.61,72,91,11.03
187,2271968,Aljezur,PT,-8.8033,37.3191,67.28,52,44,3.67
188,2132606,Samarai,PG,150.6667,-10.6167,80.37,83,98,12.28
189,3394372,Morros,BR,-46.3003,-9.4467,85.48,52,88,4.79
190,2396853,Omboué,GA,9.2618,-1.5746,77.47,80,92,7.16
191,1061412,Mananara,MG,49.7667,-16.1667,75.79,95,25,4.0
192,2944079,Brilon,DE,8.5833,51.4,44.53,79,100,1.95
193,1855612,Nara,JP,135.8049,34.6851,49.01,66,0,1.72
194,3006787,La Rochelle,FR,-1.15,46.1667,59.04,47,0,10.36
195,7696234,Nanhai,CN,111.7784,30.1282,53.82,56,5,5.59
196,64814,Bandarbeyla,SO,50.8122,9.4942,78.64,77,8,10.8
197,2729907,Longyearbyen,SJ,15.6401,78.2186,19.24,86,20,4.61
198,3398480,Gurupá,BR,-51.64,-1.405,92.48,45,61,3.0
199,3883457,Lebu,CL,-73.65,-37.6167,53.89,64,98,5.75
200,3860443,Comodoro Rivadavia,AR,-67.5,-45.8667,62.46,16,20,20.71
201,2122090,Pevek,RU,170.3133,69.7008,12.29,94,100,7.11
202,110690,Faya,SA,42.4509,18.3851,70.32,38,7,5.99
203,2135517,Norsup,VU,167.3833,-16.0667,78.22,86,56,7.25
204,2129376,Kushiro,JP,144.3747,42.975,39.69,79,0,4.16
205,3359638,Walvis Bay,NA,14.5053,-22.9575,68.95,52,0,24.16
206,1262651,Mudkhed,IN,77.5167,19.1667,71.11,67,51,6.31
207,1783621,Zunyi,CN,106.9072,27.6867,49.15,79,41,1.92
208,1263622,Mānsa,IN,75.3833,29.9833,73.31,50,19,4.43
209,3404817,Breves,BR,-50.4803,-1.6822,89.4,55,50,4.85
210,526558,Malchevskaya,RU,40.3625,49.0552,51.55,79,100,9.93
211,2028462,Ulaanbaatar,MN,106.8832,47.9077,17.73,67,0,2.24
212,2122574,Ola,RU,151.2833,59.5833,24.98,71,98,11.99
213,107304,Buraidah,SA,43.975,26.326,84.65,14,0,6.6
214,3671450,Inírida,CO,-67.9239,3.8653,87.06,71,53,3.33
215,556268,Ostrovnoy,RU,39.5131,68.0531,29.88,85,100,16.4
216,986717,Kruisfontein,ZA,24.7314,-34.0033,61.88,72,3,19.6
217,3906466,Riberalta,BO,-66.1,-10.9833,93.4,55,40,11.5
218,1488414,Urengoy,RU,78.3667,65.9667,32.31,99,100,7.61
219,3359736,Vredendal,ZA,18.5012,-31.6683,61.52,54,7,14.16
220,2022129,Kichera,RU,110.0997,55.9375,28.67,81,84,2.26
221,5851349,Nānākuli,US,-158.1547,21.3906,75.13,73,1,4.61
222,326036,Yabēlo,ET,38.0833,4.8833,64.29,65,84,11.9
223,477940,Ust-Tsilma,RU,52.1498,65.441,25.7,92,13,6.46
224,172515,Abu Samrah,SY,37.1841,35.3029,71.06,43,0,8.23
225,509826,Petrov Val,RU,45.2096,50.1434,58.5,66,100,12.39
226,1651810,Airai,TL,125.4092,-8.9266,61.74,86,82,1.48
227,2260009,Ewo,CG,14.8206,-0.8725,76.93,78,98,4.05
228,2718393,Magnor,SE,12.1996,59.9511,39.09,73,61,3.2
229,2020591,Magdagachi,RU,125.8,53.45,33.48,83,8,4.72
230,332288,Lalibela,ET,39.0333,12.0333,59.49,46,57,8.97
231,8079926,Labuhan,ID,112.2051,-6.8844,80.51,77,93,9.15
232,636947,Siilinjärvi,FI,27.6667,63.0833,32.02,74,75,8.05
233,2856207,Östringen,DE,8.7122,49.22,50.58,72,53,3.71
234,1503726,Kharp,RU,65.8081,66.8014,28.49,92,100,6.87
235,1006984,East London,ZA,27.9116,-33.0153,64.67,59,53,26.98
236,1538638,Lokomotivnyy,RU,60.5684,53.0118,47.14,78,99,15.28
237,3456642,Mozarlândia,BR,-50.5706,-14.7447,95.0,33,86,7.78
238,1056899,Sambava,MG,50.1667,-14.2667,76.23,90,36,3.22
239,2017155,Saskylakh,RU,114.0833,71.9167,6.89,95,100,15.28
240,3466704,Castro,BR,-50.0119,-24.7911,76.15,44,87,9.73
241,3652758,Puerto Baquerizo Moreno,EC,-89.6,-0.9,74.39,73,40,9.22
242,245785,Abéché,TD,20.8324,13.8292,91.02,20,10,8.68
243,2175403,Blackwater,AU,148.8833,-23.5833,75.45,76,98,3.13
244,1510689,Baykit,RU,96.37,61.67,33.55,86,99,10.11
245,5969025,Haines Junction,CA,-137.5108,60.7522,22.95,93,100,2.3
246,2017215,Sangar,RU,127.4739,63.9242,15.64,93,100,6.64
247,935616,Le Port,RE,55.2919,-20.9373,75.76,94,49,7.47
248,1504019,Kazanskoye,RU,69.235,55.6448,49.15,70,58,17.02
249,2381972,Adrar,MR,-10.0711,20.5022,89.91,13,26,1.25
250,2172880,Byron Bay,AU,153.6167,-28.65,70.43,96,7,13.78
251,155244,Majengo,TZ,38.9833,-5.15,73.06,85,74,5.19
252,3412093,Vestmannaeyjar,IS,-20.2734,63.4427,47.39,87,90,9.22
253,607610,Zhangaözen,KZ,52.8,43.3,55.2,18,0,13.94
254,2180815,Tuatapere,NZ,167.6833,-46.1333,50.97,97,100,0.89
255,599506,Gargždai,LT,21.4033,55.7128,42.58,71,82,14.58
256,5955902,Fort Nelson,CA,-122.7002,58.8053,26.19,93,90,3.44
257,1806840,Huilong,CN,121.655,31.8111,61.97,56,100,5.44
258,3423146,Ilulissat,GL,-51.1,69.2167,19.42,86,90,23.02
259,1513491,Yangi Marg`ilon,UZ,71.7189,40.4272,45.32,45,1,9.22
260,2108502,Honiara,SB,159.95,-9.4333,76.21,83,10,3.98
261,2126123,Chokurdakh,RU,147.9167,70.6333,-4.54,94,100,5.61
262,4031574,Provideniya,RU,-173.3,64.3833,23.07,78,100,8.72
263,2171766,Charlestown,AU,151.6667,-32.95,64.44,94,35,4.0
264,2392087,Porto-Novo,BJ,2.6036,6.4965,76.55,89,96,4.68
265,3372760,Praia da Vitória,PT,-27.0667,38.7333,71.85,73,20,13.29
266,5126209,Mastic Beach,US,-72.8521,40.7668,57.18,61,90,3.0
267,368246,Raja,SS,25.678,8.4596,72.73,88,74,3.53
268,4956335,Yarmouth,US,-70.2286,41.7057,59.07,82,75,17.0
269,2121025,Srednekolymsk,RU,153.6833,67.45,-13.92,99,62,3.8
270,4005297,Guamúchil,MX,-108.1,25.4667,83.75,47,0,4.16
271,4984075,Alpena,US,-83.4327,45.0617,48.72,74,90,3.0
272,2022232,Khrebtovaya,RU,104.2494,56.7032,27.52,93,96,5.3
273,2206890,Masterton,NZ,175.6575,-40.9597,51.87,80,100,2.01
274,3893629,Coquimbo,CL,-71.3436,-29.9533,58.73,72,75,9.22
275,3372707,Ribeira Grande,PT,-28.7,38.5167,73.8,53,20,10.36
276,4944903,Nantucket,US,-70.0995,41.2835,60.91,75,1,11.5
277,4088628,Saraland,US,-88.0706,30.8207,76.95,42,0,2.64
278,1623197,Tual,ID,132.75,-5.6667,83.53,76,79,10.25
279,3382867,Totness,SR,-56.3167,5.8833,80.83,87,78,8.48
280,4853078,Creston,US,-94.3614,41.0586,49.39,57,1,12.66
281,352628,Maţāy,EG,30.7792,28.419,75.94,36,0,12.17
282,609404,Khromtau,KZ,58.4347,50.2503,48.49,84,1,15.46
283,2019488,Namtsy,RU,129.6658,62.7161,14.11,97,97,2.75
284,1259069,Rādhanpur,IN,71.6,23.8333,81.52,63,14,11.97
285,3939168,Huarmey,PE,-78.1522,-10.0681,69.85,70,86,12.5
286,533964,Loukhi,RU,33.0381,66.0764,24.26,93,100,4.32
287,2094027,Kieta,PG,155.6333,-6.2167,78.42,82,7,3.15
288,1244926,Hambantota,LK,81.1185,6.1241,79.83,77,14,13.0
289,3836669,San Rafael,AR,-68.3301,-34.6177,72.91,15,7,6.69
290,3069706,Nová Bystřice,CZ,15.1032,49.0193,40.98,68,11,4.09
291,3374210,São Filipe,CV,-24.4956,14.8961,80.69,65,0,4.54
292,685547,Bălţaţi,RO,27.15,47.2167,54.1,41,57,11.43
293,3853354,Junín,AR,-60.9433,-34.5838,71.98,42,80,10.07
294,6050066,La Ronge,CA,-105.2842,55.1001,35.85,75,90,11.5
295,1734313,Paka,MY,103.4368,4.6374,76.93,88,47,0.0
296,3901903,Uyuni,BO,-66.825,-20.4597,64.38,7,23,29.57
297,255849,Pánormos,GR,24.6909,35.4182,69.37,73,4,5.99
298,6051123,Leamington,CA,-82.6062,42.0549,49.95,87,100,5.99
299,1485997,Yeniseysk,RU,92.1703,58.4497,35.55,95,100,13.4
300,2121385,Severo-Kuril'sk,RU,156.125,50.6789,37.9,80,50,9.46
301,730518,Kavarna,BG,28.3333,43.4333,59.61,84,65,7.02
302,1623446,Tomohon,ID,124.8392,1.3346,67.14,91,99,0.87
303,3418910,Upernavik,GL,-56.1549,72.7868,18.73,81,75,4.59
304,6167817,Torbay,CA,-52.7314,47.6666,60.62,94,90,19.57
305,2094342,Kavieng,PG,150.7967,-2.5744,82.13,77,70,15.86
306,4850751,Cedar Rapids,US,-91.6441,42.0083,49.17,63,1,1.99
307,5044290,Saint Anthony,US,-93.218,45.0205,44.69,63,1,1.99
308,4989133,Charter Township of Clinton,US,-82.9199,42.587,48.56,83,75,4.0
309,1064366,Ifanadiana,MG,47.6333,-21.3,70.3,96,67,1.88
310,6111696,Port-Cartier,CA,-66.8654,50.0334,48.74,93,100,4.29
311,777019,Vardø,NO,31.1107,70.3705,33.82,72,100,15.46
312,4021858,Guerrero Negro,MX,-114.0611,27.9769,69.96,66,4,16.28
313,4013679,Coahuayana Viejo,MX,-103.6833,18.7333,85.48,64,96,2.48
314,1529102,Ürümqi,CN,87.6005,43.801,36.55,81,0,2.24
315,3690431,Aguadas,CO,-75.4562,5.6116,69.37,74,94,1.16
316,2323411,Sagamu,NG,3.6478,6.8432,80.38,93,96,3.98
317,2761186,Wilhelmsburg,AT,15.6054,48.1057,48.4,71,43,3.76
318,1259395,Porbandar,IN,69.6093,21.6422,80.51,68,98,12.62
319,1852357,Shimoda,JP,138.95,34.6667,58.39,67,89,11.74
320,553766,Kamenka,RU,42.7678,51.3223,53.83,70,100,14.58
321,592351,Audru,EE,24.3739,58.4086,37.96,81,100,12.64
322,779683,Hammerfest,NO,23.6821,70.6634,34.25,86,90,14.97
323,4004293,Ixtapa,MX,-105.2,20.7,85.23,66,20,2.3
324,509234,Pitkyaranta,RU,31.4792,61.5734,35.87,81,99,13.2
325,4267661,Arkansas City,US,-97.0384,37.062,74.23,68,1,6.91
326,5742974,North Bend,US,-124.2243,43.4065,52.59,93,90,4.61
327,258175,Lixouri,GR,20.4314,38.2019,69.8,88,20,0.0
328,1805680,Jingdezhen,CN,117.2079,29.2947,55.08,96,100,1.97
329,5110365,Broome,US,-75.833,42.2506,48.04,71,90,3.0
330,1732826,Mersing,MY,103.8405,2.4312,76.91,88,41,3.44
331,5847411,Kahului,US,-156.47,20.8947,74.1,83,40,9.22
332,1714733,Dingle,PH,122.6711,10.9995,74.61,95,100,5.86
333,2299236,Kpandae,GH,-0.0113,8.4689,82.31,73,88,7.18
334,3010025,La Ciotat,FR,5.6045,43.1748,66.87,72,0,1.81
335,1242110,Kalmunai,LK,81.8167,7.4167,79.81,79,53,3.27
336,2126682,Bilibino,RU,166.4372,68.0546,-4.97,100,100,0.4
337,3374333,Praia,CV,-23.5087,14.9215,86.54,54,0,18.41
338,2062276,Roebourne,AU,117.1333,-20.7833,80.91,40,66,7.72
339,1213855,Sibolga,ID,98.7792,1.7427,77.83,89,95,2.44
340,2023584,Imeni Poliny Osipenko,RU,136.4853,52.4201,26.76,95,6,4.21
341,3628473,San Cristobal,VE,-72.225,7.7669,77.18,58,82,6.2
342,1529376,Korla,CN,86.1469,41.7597,55.09,39,100,3.51
343,1807681,Huainan,CN,116.9969,32.6264,56.39,64,97,5.01
344,1267390,Kavaratti,IN,72.642,10.5669,81.99,76,75,3.69
345,3450083,Santa Maria,BR,-53.8069,-29.6842,63.7,100,90,10.36
346,5870133,Nome,US,-165.4064,64.5011,32.07,69,90,8.05
347,2084442,Vanimo,PG,141.3028,-2.6741,77.09,89,73,5.82
348,5557293,Sitka,US,-135.33,57.0531,48.09,66,90,14.97
349,1184626,Alizai,PK,70.3462,33.5383,61.77,24,0,2.62
350,57000,Hobyo,SO,48.5268,5.3505,80.28,77,11,10.89
351,3472287,Anápolis,BR,-48.9528,-16.3267,82.0,57,75,5.75
352,3139597,Sistranda,NO,8.834,63.7256,40.96,81,100,11.77
353,3625346,Villa Bruzual,VE,-69.1208,9.3328,90.46,49,51,4.07
354,686090,Asău,RO,26.4,46.4333,52.95,49,6,4.83
355,507427,Pokrovskoye,RU,38.8971,47.4157,59.81,68,100,6.96
356,5364022,La Palma,US,-118.0467,33.8464,61.66,95,75,1.01
357,1519422,Semey,KZ,80.2275,50.4111,46.42,52,100,18.34
358,1798821,Pingdu,CN,119.9464,36.7844,45.84,65,68,2.95
359,3449936,Santana do Livramento,BR,-55.5328,-30.8908,61.3,93,100,9.22
360,2399001,Mayumba,GA,10.6554,-3.432,77.94,82,71,5.21
361,1176022,Jauharabad,PK,72.2813,32.2898,66.54,73,0,16.42
362,3985710,Cabo San Lucas,MX,-109.9124,22.8909,80.89,73,40,4.61
363,2738381,Lata,PT,-8.3327,40.1629,68.36,45,99,3.44
364,1863997,Fukuechō,JP,128.8419,32.6881,65.07,58,26,18.23
365,1337607,Kudahuvadhoo,MV,72.8944,2.6708,82.98,73,13,14.05
366,1262497,Mundra,IN,69.7333,22.85,81.84,62,96,16.75
367,2173911,Broken Hill,AU,141.4333,-31.95,53.31,50,0,14.97
368,1640354,Kencong,ID,113.3667,-8.2833,78.51,81,99,0.96
369,933995,Souillac,MU,57.5167,-20.5167,75.58,78,75,12.66
370,86049,Jalu,LY,21.5482,29.0331,78.48,28,1,8.52
371,2013921,Ust-Kuyga,RU,135.6,70.0167,-5.06,100,91,1.88
372,2119932,Vanino,RU,140.2543,49.0869,31.93,91,29,5.01
373,2510821,Soller,ES,2.7152,39.7662,65.89,55,65,8.34
374,3932145,Pisco,PE,-76.2167,-13.7,64.45,77,0,9.22
375,4257494,Fishers,US,-86.0139,39.9556,54.16,70,40,3.0
376,3623601,Guácimo,CR,-83.6807,10.2104,87.12,85,99,2.77
377,3991347,Puerto Peñasco,MX,-113.5333,31.3167,74.91,68,2,11.99
378,5983720,Iqaluit,CA,-68.5145,63.7506,29.7,74,75,5.01
379,4004898,Hermosillo,MX,-110.9667,29.0667,80.42,29,1,4.0
380,527012,Mikhaylovka,RU,43.2379,50.06,53.71,76,100,8.39
381,215668,Kabalo,CD,26.9167,-6.05,78.69,62,92,4.34
382,3347019,Mossamedes,AO,12.1522,-15.1961,69.04,64,45,15.37
383,5856516,‘Āhuimanu,US,-157.8378,21.4447,74.82,74,20,11.5
384,780687,Berlevåg,NO,29.0864,70.8578,35.28,70,100,17.87
385,1259385,Port Blair,IN,92.75,11.6667,80.31,78,88,1.63
386,3397230,José de Freitas,BR,-42.5756,-4.7564,85.15,32,100,3.11
387,2513222,Níjar,ES,-2.206,36.9665,69.44,53,20,11.5
388,1253736,Upleta,IN,70.2833,21.7333,78.44,64,8,7.94
389,504269,Pudozh,RU,36.5345,61.8099,33.6,82,100,8.5
390,2191562,Dunedin,NZ,170.5036,-45.8742,53.8,82,100,8.01
391,2984775,Quetigny,FR,5.1167,47.3167,53.44,54,0,8.05
392,1524787,South Kazakhstan Region,KZ,68.0,43.0,49.89,33,13,8.21
393,1214488,Meulaboh,ID,96.1285,4.1363,77.14,89,93,3.09
394,1528998,Yumen,CN,97.2,40.2833,42.87,39,83,9.24
395,2020738,Litovko,RU,135.1742,49.2361,39.07,73,0,6.91
396,1645528,Denpasar,ID,115.2167,-8.65,79.72,83,40,2.3
397,2450173,Taoudenni,ML,-3.9836,22.6783,92.68,15,0,3.87
398,5379533,Orange Cove,US,-119.3137,36.6244,58.51,63,88,1.59
399,218229,Bongandanga,CD,21.05,1.5,79.02,70,98,1.99
400,1728675,Balabac,PH,117.0645,7.9868,79.88,84,100,7.74
401,1812256,Dongsheng,CN,109.9776,39.8161,42.28,70,13,7.34
402,1179757,Dīr,PK,71.8756,35.2058,50.27,52,1,5.32
403,2171099,Codrington,AU,141.9667,-38.2667,49.44,86,17,12.64
404,3415496,Keflavik,IS,-22.5624,64.0049,46.74,100,90,14.97
405,2308278,Mbini,GQ,9.6134,1.574,77.5,85,96,4.23
406,2019867,Mokhsogollokh,RU,128.9203,61.4681,28.58,96,100,2.39
407,1254709,Tezu,IN,96.1667,27.9167,70.68,75,14,3.56
408,3547867,Manzanillo,CU,-77.1167,20.3433,87.85,56,47,4.72
409,1804430,Lanzhou,CN,103.7922,36.0564,40.28,64,21,2.19
410,1491461,Soloneshnoye,RU,84.3197,51.6544,40.82,48,100,6.89
411,338554,Dubti,ET,41.0853,11.7361,94.23,23,73,9.42
412,2025630,Chara,RU,118.2631,56.9064,32.88,57,100,0.96
413,532288,Magnitogorsk,RU,59.0472,53.4186,47.23,81,75,15.66
414,2121373,Seymchan,RU,152.4333,62.8833,1.17,82,90,3.27
415,1054463,Tsiroanomandidy,MG,46.0333,-18.7667,74.98,44,76,6.76
416,6164499,The Pas,CA,-101.2541,53.8251,37.42,93,90,6.91
417,1633034,Liku,ID,119.8922,-0.7275,74.7,92,100,1.92
418,2644605,Lerwick,GB,-1.1494,60.1545,50.0,92,100,24.52
419,1513064,Nurobod,UZ,69.8023,40.9056,47.25,36,2,4.88
420,1175678,Johi,PK,67.6133,26.6921,82.58,11,0,6.22
421,2381334,Atar,MR,-13.0499,20.5169,94.8,9,3,4.32
422,2412778,Kuntaur,GM,-14.8833,13.6667,94.84,34,54,5.28
423,4236895,Decatur,US,-88.9548,39.8403,52.66,71,90,5.75
424,2643044,Margate,GB,1.3862,51.3813,53.51,69,69,12.03
425,4026082,Lázaro Cárdenas,MX,-102.2,17.9583,83.5,72,99,1.61
426,2255304,Sémbé,CG,14.5806,1.6481,72.77,98,76,2.73
427,3372472,Vila Franca do Campo,PT,-25.4333,37.7167,72.01,73,53,6.24
428,5905393,Bonavista,CA,-53.1147,48.6499,57.2,99,100,10.51
429,7671223,Kloulklubed,PW,134.2556,7.0419,77.5,71,99,2.8
430,3430988,Luján,AR,-59.105,-34.5703,67.86,69,69,8.01
431,3160310,Brattvåg,NO,6.4434,62.6002,42.58,61,75,6.91
432,2059470,Victor Harbor,AU,138.6167,-35.5667,52.25,85,27,8.95
433,1489853,Tazovsky,RU,78.7,67.4667,27.91,97,97,10.65
434,1263752,Māngrol,IN,70.1167,21.1167,79.97,64,12,9.75
435,2446796,Bilma,NE,12.9164,18.6853,90.09,12,5,8.43
436,2013465,Verkhoyansk,RU,133.385,67.5447,-0.36,99,99,2.62
437,3466696,Catalão,BR,-47.9464,-18.1658,94.21,20,0,7.67
438,2122104,Petropavlovsk-Kamchatskiy,RU,158.6483,53.0452,28.99,100,75,2.24
439,4036284,Alofi,NU,-169.9187,-19.0595,66.09,82,28,5.75
440,5554428,Ketchikan,US,-131.6461,55.3422,44.83,88,100,8.75
441,2961214,Thurles,IE,-7.8022,52.6819,55.35,85,100,20.96
442,1512019,Aksarka,RU,67.7975,66.5606,29.57,93,98,9.98
443,3027513,Challans,FR,-1.8749,46.8436,57.61,59,0,8.28
444,2093685,Kokopo,PG,152.2633,-4.352,77.29,84,44,8.08
445,1487332,Verkhnyaya Inta,RU,60.3094,65.9811,26.56,93,100,15.3
446,1502073,Krasnosel'kup,RU,82.4667,65.7,32.72,99,100,12.46
447,1266849,Khatauli,IN,77.7167,29.2833,70.79,66,0,7.09
448,3405215,Bonfim,BR,-59.95,3.0833,92.41,45,34,1.83
449,1272502,Diu,IN,70.9822,20.7141,76.82,69,3,8.63
450,1803352,Linshui,CN,114.2047,36.4247,53.19,64,74,3.36
451,3404558,Cabedelo,BR,-34.8339,-6.9811,84.87,66,42,12.15
452,2206894,Hokitika,NZ,170.9667,-42.7167,55.11,82,100,1.07
453,2158562,Maryborough,AU,152.7,-25.5333,71.24,89,8,7.7
454,1509844,Boguchany,RU,97.4531,58.3814,37.29,64,100,12.15
455,5746545,Portland,US,-122.6762,45.5234,50.61,94,90,5.01
456,2119283,Zyryanka,RU,150.85,65.75,-9.31,99,53,2.82
457,1272140,Dwārka,IN,68.9678,22.2394,81.73,63,99,15.97
458,1214026,Sabang,ID,95.3214,5.8933,81.59,76,90,4.94
459,2027042,Batagay-Alyta,RU,130.4114,67.8006,-0.72,97,100,1.7
460,2032201,Bulgan,MN,103.5347,48.8125,34.5,46,62,1.88
461,1328421,Pathein,MM,94.7333,16.7833,75.56,93,54,0.81
462,3356213,Khorixas,NA,14.9667,-20.3667,77.95,11,0,12.93
463,1540711,Muravlenko,RU,74.523,63.7898,34.74,99,100,12.71
464,1651103,Atambua,ID,124.8925,-9.1061,76.05,85,82,0.76
465,110690,Abhā,SA,42.5053,18.2164,70.05,12,0,3.44
466,3125287,Cervo,ES,-7.4101,43.6702,59.97,73,100,4.88
467,3625710,Upata,VE,-62.3989,8.0086,81.97,68,86,7.23
468,1082243,Ambilobe,MG,49.05,-13.2,77.36,81,39,0.25
469,2232497,Doumé,CM,13.45,4.2333,70.57,95,76,1.88
470,5961564,Glace Bay,CA,-59.957,46.1969,65.14,84,75,9.22
471,1856717,Shintomi,JP,131.4723,32.0785,54.16,70,1,5.68
472,2145554,Ulladulla,AU,150.4667,-35.35,59.97,89,97,12.44
473,1492607,Severnoye,RU,78.3619,56.3491,45.73,83,100,14.2
474,704277,Krasne,UA,24.6134,49.9145,41.4,66,50,7.18
475,2013727,Vanavara,RU,102.2797,60.34,31.87,75,93,11.05
476,1496511,Novy Urengoy,RU,76.6333,66.0833,31.62,99,100,6.24
477,216281,Goma,CD,29.2228,-1.6792,65.88,85,82,3.38
478,81604,Qaryat Sulūq,LY,20.2521,31.6682,79.14,29,10,10.13
479,1651531,Ambon City,ID,128.1814,-3.6954,80.78,79,89,4.25
480,3647444,Calabozo,VE,-67.4293,8.9242,89.89,47,34,8.84
481,5975004,High Level,CA,-117.136,58.5169,39.31,93,90,5.75
482,3671519,Puerto Carreño,CO,-67.4859,6.189,91.69,51,40,6.33
483,3407762,Amapá,BR,-52.0,1.0,91.22,44,92,2.17
484,1337301,Jakar,BT,90.7525,27.5492,48.92,96,83,1.07
485,3480908,La Asuncion,VE,-63.8628,11.0333,83.12,72,71,17.47
486,2126710,Beringovskiy,RU,179.3167,63.05,10.94,77,29,10.69
487,3422683,Kangaatsiaq,GL,-53.4641,68.3065,28.81,80,100,10.31
488,535839,Leshukonskoye,RU,45.7622,64.8989,22.8,94,19,4.76
489,1264075,Malakanagiri,IN,81.9,18.35,73.74,86,25,1.57
490,4255151,Bud,US,-86.1758,39.447,53.53,72,64,4.65
491,3984997,San Quintín,MX,-115.95,30.4833,66.65,72,42,14.79
492,4301317,Morehead,US,-87.1764,37.2711,61.81,71,1,3.0
493,2353151,Aba,NG,7.3667,5.1066,75.18,91,87,4.23
494,2128975,Nemuro,JP,145.575,43.3236,44.04,74,32,10.89
495,5158275,Huron,US,-82.5499,41.1501,51.17,76,56,11.63
496,5850554,Makakilo City,US,-158.0858,21.3469,73.69,74,1,4.61
497,1224061,Wattegama,LK,81.4808,6.7989,74.57,87,33,2.57
498,4047434,Russell,US,-85.1999,32.3502,67.05,56,1,0.0
499,3038789,Abbeville,FR,1.8333,50.1,55.17,77,39,4.83
500,2013923,Ust'-Kut,RU,105.7672,56.7938,32.29,94,96,4.59
501,3893726,Constitución,CL,-72.4167,-35.3333,59.38,53,5,16.98
502,509987,Petrovsk,RU,45.3917,52.3064,49.19,86,100,10.25
503,5656882,Helena,US,-112.0361,46.5927,45.41,65,40,3.0
504,3521476,Pijijiapan,MX,-93.23,15.7011,86.72,65,50,6.71
505,6096551,Pangnirtung,CA,-65.7125,66.1451,30.2,86,90,8.05
506,2021618,Krasnokamensk,RU,118.0369,50.0979,28.96,75,3,2.71
507,2618795,Klaksvík,FO,-6.589,62.2266,50.92,97,100,29.01
508,693510,Slobidka,UA,29.3461,47.8869,46.81,44,20,6.33
509,64013,Bosaso,SO,49.1816,11.2842,80.65,57,5,3.53
510,3395458,Maragogi,BR,-35.2225,-9.0122,83.52,68,85,13.27
511,921786,Mitsamiouli,KM,43.2844,-11.3847,80.89,65,20,11.5
512,186180,Moyale,KE,39.0584,3.5167,76.32,51,85,7.29
513,5864145,Homer,US,-151.5483,59.6425,38.44,92,90,0.0
514,6167125,Tobermory,CA,-81.6665,45.2501,48.31,71,100,1.97
515,3172794,Montepulciano,IT,11.7868,43.1017,58.96,84,66,4.52
516,3617154,Puerto Cabezas,NI,-83.3888,14.0351,87.76,74,75,4.61
517,4787534,Sterling,US,-77.4286,39.0062,62.67,71,75,1.01
518,698770,Ochakiv,UA,31.5498,46.6128,55.15,65,85,9.95
519,1269507,Jaisalmer,IN,70.9181,26.9147,82.06,51,19,20.49
520,1850523,Tateyama,JP,139.8667,34.9833,56.12,57,73,11.39
521,2685750,Östersund,SE,14.6357,63.1792,36.05,93,90,10.36
522,53654,Mogadishu,SO,45.3438,2.0371,80.01,81,10,9.13
523,3393536,Olinda,BR,-34.8553,-8.0089,83.93,70,40,12.66
524,1494276,Poykovskiy,RU,73.3333,61.2333,43.09,93,40,8.95
525,6137462,Saint-Augustin,CA,-58.6502,51.226,41.43,86,100,16.84
526,2641434,Northam,GB,-4.2167,51.0333,53.2,75,99,16.73
527,3988392,Rosarito,MX,-117.0333,32.3333,59.99,73,100,9.42
528,2120591,Tilichiki,RU,166.1,60.4667,5.76,87,95,7.96
529,2157698,Mildura,AU,142.15,-34.2,49.96,66,0,5.75
530,3348313,Huambo,AO,15.7392,-12.7761,72.75,51,62,8.48
531,540761,Kropotkin,RU,40.5756,45.4375,57.79,62,98,6.98
532,1269605,Jagādhri,IN,77.3,30.1667,69.62,68,0,7.87
533,1491230,Sovetskiy,RU,63.5842,61.3614,39.04,77,85,13.33
534,1633419,Padang,ID,100.3543,-0.9492,77.05,90,70,3.8
535,1805518,Jining,CN,116.5814,35.405,53.98,57,100,2.93
536,5336667,Chowchilla,US,-120.2602,37.123,57.94,88,40,6.91
537,1525376,Bestöbe,KZ,73.0975,52.4994,50.83,62,94,21.0
538,10722858,Forsytheganj,BY,29.7333,52.6333,43.41,70,86,12.53
539,3460087,Jardim,BR,-56.1381,-21.4803,99.55,31,23,18.07
540,364027,Wagar,SD,36.2032,16.1525,92.91,20,9,13.56
541,2108857,Gizo Government Station,SB,156.8419,-8.103,81.88,78,11,9.62
542,1789647,Xichang,CN,102.2634,27.8964,55.51,86,58,2.44
543,3691324,Tocache,PE,-76.5125,-8.1842,93.42,43,58,4.16
544,178093,Witu,KE,40.4382,-2.3889,78.96,82,45,8.19
545,4032369,Pangai,TO,-174.35,-19.8,74.08,64,100,16.28
546,1855540,Naze,JP,129.4833,28.3667,67.96,73,83,18.21
547,935214,Saint-Pierre,RE,55.4781,-21.3393,75.81,81,75,3.44
548,1607508,Amphoe Phra Pradaeng,TH,100.5336,13.6585,79.84,77,96,5.82
549,2593110,Canary Islands,ES,-15.5,28.0,67.14,60,75,3.0
550,3421982,Maniitsoq,GL,-52.9,65.4167,25.97,51,67,7.65
551,2136825,Isangel,VU,169.2667,-19.55,75.16,87,85,10.98
552,2206854,Gisborne,NZ,178.0042,-38.6533,52.95,83,100,5.19
553,2039557,Khasan,RU,130.6434,42.4308,46.9,52,0,7.65
554,333103,Kibre Mengist,ET,38.9833,5.8833,59.34,81,40,1.45
555,3163146,Andenes,NO,16.1194,69.3143,33.78,93,90,18.41
556,3141667,Roald,NO,6.1333,62.5833,44.2,61,75,6.91
557,2522013,Algeciras,ES,-5.4505,36.1333,69.48,73,20,11.5
558,1489656,Teya,RU,92.6267,60.3778,34.03,90,100,14.52
559,3533462,Acapulco de Juárez,MX,-99.8901,16.8634,73.22,100,90,13.8
560,5972291,Havre-St-Pierre,CA,-63.5986,50.2334,46.72,93,90,8.05
561,2654710,Brighton,GB,-0.1395,50.8284,55.36,71,75,11.01
562,576093,Blagoyevo,RU,47.9167,63.3667,24.73,96,26,3.76
563,235826,Zemio,CF,25.1361,5.0314,75.22,78,46,2.66
564,3438102,Fuerte Olimpo,PY,-57.8738,-21.0415,109.27,19,4,16.82
565,4031742,Egvekinot,RU,-179.1667,66.3167,8.89,81,100,7.34
566,1710519,Isabela,PH,121.9711,6.7085,78.33,89,100,5.77
567,4341378,Shenandoah,US,-91.0009,30.4013,81.03,77,22,1.01
568,4002745,La Cruz,MX,-106.9,23.9167,82.42,74,81,3.62
569,4670234,Alice,US,-98.0697,27.7523,80.11,79,1,0.0
